doc_id	pfad	content_hash	revision
01M3534TGB1CSV6NQJSRV00W0E	docs/wiki/topics/wiki-schicht.md	sha256:0bb16faa43fc3cfd5259ce789781a7dda803428ae60913ef8e6a8b46e0d5d2b9	11
01M3534TGB3MGT2REB5WZSS21A	docs/wiki/syntheses/index.md	sha256:3dfeddfe934b183a1f306c7c6e5eb0c604f6b52013b836c6047110a3fa095027	1
01M3534TGB81W525AH6NQSDV74	docs/wiki/topics/datenschutz-und-kanaele.md	sha256:96d5363e32857093954cc3b7b5b0467f88d06d5ed04ce810fb024b453dc7e290	8
01M3534TGBA2V1YF930M6J5G6Y	docs/wiki/topics/brain-maintenance.md	sha256:5ccb5c03da32f247c3f8b413dcf18be4fc8e9ce7d84f9380d89629f897600470	10
01M3534TGBBMBXYRWVEX681NDD	docs/wiki/syntheses/gegenpruefung-vor-jeder-designempfehlung.md	sha256:422a56a7465dd63a0f6922442bdad688b9ada0158f80101b645330194e51b475	5
01M3534TGBFH9S5WX6ER9BCJJD	docs/wiki/_schema.md	sha256:da10ad84f5d94ccb39faf0c60d054115c0fe030a84e07998126d0cd7ec2ba161	4
01M3534TGBJGDF7VDRE1AW2TRV	docs/wiki/log.md	sha256:cdd4379fc47aa375eb40657838ee15c68e7f5eb854a9e1e334ee339d358e8aa1	10
01M3534TGBKNSEDXP6DZHYTXCY	docs/wiki/topics/abnahmen-und-echte-umgebung.md	sha256:b6ed9c24e37a3d7f71b02f52559088b400c582d5f09b9c9b98357d230756b915	5
01M3534TGBNAFC805CFPMWXVWP	docs/wiki/entities/index.md	sha256:bab504a4ca1712277cd501f85e60c9f6dc2e659a1cc669d2a1f45037155e5f2d	1
01M3534TGBQFKDDQT8P7TPMSN9	docs/wiki/syntheses/warum-fast-die-vorgabe-bleibt.md	sha256:cef906faa143cabf7484a1a5885fed113fd3f050312804bedec17fc9351c9cf2	8
01M3534TGBQZGFMC40AY2ZGD4J	docs/wiki/audit.md	sha256:5a02e6eff21dae93484a932e54d323349599510a4bb3d088e49132c94e8dd0d0	4
01M3534TGBREM90ABDNAJDR47T	docs/wiki/topics/index.md	sha256:abbf1610d310d60ff4ee29e503416013695a99130b7ee622beda70f68aeb688d	3
01M3534TGBT5D7K9XM7A1TM09Z	docs/wiki/topics/suche-und-profile.md	sha256:6f8bed9be22e1ca272e34516a6bc986a0e8713c550df3ec8bf9e88560711137a	9
01M3534TGBXM1EXAPD4B6S30TN	docs/wiki/topics/architektur-grundsaetze.md	sha256:53266ac03c72747b6a684c17b4bdd3ba07741da815672fcdecec4032b967b5bd	10
01M3534TGBXQW1M68MP18HWG7D	docs/wiki/entities/qmd.md	sha256:b6d344035a12516bd61350a10018c14682810cedba9eab22aba6b201b56beb12	5
01M3534TGBY1HMNWX9DXBS8JVB	docs/wiki/topics/datenmodell-und-bereiche.md	sha256:63f94fd9111c341b4711aa754262c4988e805e0bd97cee3d865a10d0f1746343	9
01M3534TGBY2F5R39Q3GNWJ8SD	docs/wiki/topics/scheiben-und-abnahme.md	sha256:a42a7a60bf4249417b0a3483b4997be1c6a2c4a8a55f4606aebe3e79e353e0a4	9
01M3534TGBZ5JYJQKS0W8KAEQD	docs/wiki/entities/brain-daemon.md	sha256:4fdf81149c57961a9bdbadaa82e27a2001ec1bfc8d45d81dfc8d28a120875cbf	6
01M3534TGBZTDP37N7JK9SYPAQ	docs/wiki/index.md	sha256:686a8d22181f2ff48646e6e059db5cf860728f6b3204bb64ee7a7c0b8f338cb9	2
01M3534TGBZWRZVP9WXMTPXZ1Y	docs/wiki/entities/okf.md	sha256:b98b4c6c0de737f0c928fd3ec06d5888f427bd3798c5ffd15ec87952a23606ac	5
01M39NDHWJPTMR7NKS5RZ78AWK	docs/wiki/topics/code-graph.md	sha256:e0ac5772c3493a7f655a02b32e0c44fd283dc7e2fd485878335c61ea74a1fdd4	7
01M39NDHWJZ6BFMGM53FM35W6B	docs/wiki/topics/schreibschranke.md	sha256:a5938c615b1f69f757e5213fc567ce449e4fd93f3c5647447cc9b2119f2d0c93	4
01M47W91R50RT15H2ES8RV7TJT	docs/de/configuration.md	sha256:90e1b94760c596728ed9e49bc42d3047fd2ab1533c86df09b6b09c66c57b74c2	2
01M47W91R51JAGYP0JXJFDFAR4	docs/de/getting-started.md	sha256:160c43a52ea6f66f1a43cdf3b9fe58ddbf61f49236df217591edf7f9ea47c5fc	2
01M47W91R5FRSPN6BE643656ZE	docs/de/cli-reference.md	sha256:1b731affd83910cd4e8dd6ca0b05a7b375ecba6d7a4790c6106c4e85f6b158f3	3
01M47W91R5H3G1QSXZV5C17HS9	docs/de/hooks.md	sha256:4d889f159b234b1b4be21b4a7ce017c2d792b820ef5c50f3b86f2f2a3dd94024	2
01M47W91R5MPENKN7N34H6QTNT	docs/de/benchmarks.md	sha256:73cf99840e93d14ff9d4cc7a385fb33fe7f8733867d1ee8523a43faeb943c1d8	1
01M47W91R5P3VC546Z7QPCD3HN	docs/de/open-source-matrix.md	sha256:4feb03e67bd9784ec7a6e0102d4fc80c239bc95d0b521e239d1956a05eb590a2	1
01M47W91R5P41G252468YBCK4W	docs/de/README.md	sha256:454e8d28ba12dd6f3be0e73b44ac8d84b3573bfd8ba8c67786c33273cff797f0	1
01M47W91R5WGVSD1M1VC73VBW5	docs/de/flows.md	sha256:f2415ee6515f2a723b089b2a36b8508d93c4ad68b58aa8bf390b1f62740569d2	1
01M47W91R5WKHDNYTXW8ZXTCSW	docs/de/architecture.md	sha256:7e34bcbe26fc6c0977631769395ca6f97d8bea9be643fbe4641809bb35266fbf	2
01M485MJYVHWMMP1A6ZRNZAPBM	docs/.superpowers/bug-hunt.md	sha256:7ca32e85fd1b05829da96aa7630f6a590b0e7d92e6074af1cf204d7705a52038	1
